ImageId,EncodedPixels
00002bd58.jpg,
00015efb6.jpg,
00023d5fc.jpg,
000367c13.jpg,341005 4 341771 7 342539 8 343306 9 344074 9 344841 11 345608 12 346376 12 347144 12 347911 12 348679 12 349448 11 350217 9 350986 7 351755 4
000367c13.jpg,83048 1 83815 3 84582 5 85349 7 86117 7 86885 8 87653 8 88421 8 89189 9 89957 10 90725 10 91493 11 92262 10 93030 11 93798 12 94566 12 95334 13 96103 12 96871 12 97639 12 98407 12 99175 12 99943 11 100712 10 101481 8 102250 6 103019 4
0008ca6e9.jpg,
000a4635f.jpg,
000bd9dbf.jpg,122445 7 123212 8 123979 10 124747 11 125514 12 126282 12 127050 13 127817 14 128585 14 129352 14 130120 14 130888 13 131656 13 132423 13 133190 14 133957 15 134725 15 135493 14 136260 14 137027 14 137796 13 138564 12 139332 10 140102 7
000bd9dbf.jpg,468212 1 468977 5 469744 6 470511 7 471278 8 472046 8 472814 8 473582 7 474352 5 475121 1
000bd9dbf.jpg,373795 3 374561 6 375328 7 376096 8 376863 9 377630 11 378397 12 379165 12 379933 12 380701 12 381468 13 382235 14 383003 14 383770 14 384538 14 385306 13 386074 12 386842 12 387610 12 388378 12 389147 10 389917 6 390686 4
000bd9dbf.jpg,416189 4 416957 6 417724 8 418492 9 419260 10 420028 12 420796 13 421564 14 422332 15 423100 16 423867 18 424635 19 425403 19 426171 19 426938 21 427706 21 428474 21 429241 23 430009 23 430777 23 431545 24 432313 24 433081 24 433849 24 434617 24 435384 25 436151 26 436919 25 437686 26 438454 26 439222 26 439989 26 440757 26 441524 27 442292 27 443059 27 443827 27 444595 27 445363 27 446131 27 446899 27 447668 26 448436 26 449205 24 449974 22 450742 22 451510 21 452279 20 453048 19 453817 19 454585 19 455354 7 455365 8 456123 8 456132 9 456892 17 457660 17 458429 16 459197 16 459966 15 460736 1 460743 4
000f7d875.jpg,
0010551d9.jpg,184570 20 185336 23 186103 25 186870 31 187637 33 188405 35 189172 39 189940 40 190707 43 191474 47 192241 49 193009 51 193777 55 194545 57 195313 58 196081 62 196849 63 197617 64 198385 68 199153 69 199921 71 200689 74 201457 76 202225 77 202993 81 203762 82 204530 83 205299 86 206068 86 206836 87 207604 92 208372 93 209141 93 209910 95 210679 96 211448 96 212217 98 212986 99 213755 99 214525 101 215294 101 216063 102 216833 104 217602 105 218371 105 219141 107 219910 107 220679 107 221449 111 222218 112 222988 112 223759 117 224528 118 225298 117 226071 115 226840 116 227609 116 228380 114 229149 114 229919 113 230691 111 231460 111 232230 109 233003 106 233773 105 234542 104 235314 102 236083 102 236853 100 237624 97 238393 96 239162 96 239934 93 240703 93 241472 92 242244 88 243014 86 243783 85 244557 79 245326 78 246095 77 246867 74 247636 73 248405 72 249177 68 249946 67 250715 66 251487 62 252257 59 253026 58 253800 52 254569 51 255338 50 256110 46 256879 45 257648 44 258418 41 259188 38 259957 37 260727 34 261496 33 262265 31 263038 21 263808 17 264578 13
001839c6f.jpg,343304 4 344072 5 344840 5 345609 3 346378 2
001839c6f.jpg,442442 4 443209 6 443976 7 444743 10 445510 12 446277 13 447044 14 447811 15 448579 15 449347 15 450115 15 450883 15 451651 16 452419 16 453187 17 453955 17 454722 19 455490 19 456257 20 457024 21 457792 21 458560 21 459327 23 460095 24 460862 26 461630 26 462398 26 463165 28 463933 29 464701 30 465469 30 466238 29 467006 29 467774 30 468542 31 469310 31 470078 32 470845 33 471613 34 472381 36 473149 36 473917 37 474685 40 475453 42 476220 44 476988 46 477755 48 478523 49 479291 49 480058 51 480826 51 481593 52 482361 52 483128 53 483895 54 484663 55 485430 56 486197 57 486965 57 487733 57 488500 58 489268 58 490036 58 490804 59 491572 59 492340 59 493108 60 493876 60 494644 60 495413 61 496181 62 496949 62 497717 64 498486 64 499254 64 500023 6 500043 45 500792 1 500812 44 501582 43 502352 41 503121 40 503891 38 504662 35 505431 34 506201 32 506970 31 507739 30 508508 29 509276 29 510045 28 510813 28 511581 28 512348 29 513116 28 513884 27 514651 27 515419 26 516186 26 516953 26 517721 25 518488 25 519256 24 520024 23 520791 22 521558 22 522326 21 523094 20 523861 21 524630 19 525398 19 526166 19 526935 18 527703 18 528472 17 529240 15 530008 10 530777 7 531545 4
001839c6f.jpg,193599 9 194366 11 195133 12 195901 12 196669 12 197436 13 198203 15 198971 15 199738 16 200506 15 201274 15 202041 16 202809 16 203576 17 204344 17 205112 17 205879 17 206648 15 207417 13 208185 13 208954 11
001839c6f.jpg,559949 4 560715 6 561482 5 562250 5 563017 5 563784 6 564551 8 565318 9 566085 10 566852 11 567619 12 568387 12 569154 13 569921 14 570689 14 571457 14 572224 15 572992 15 573760 15 574528 15 575296 15 576064 14 576832 14 577601 12 578369 11 579138 9 579907 7 580676 5 581445 3
001839c6f.jpg,547674 6 548440 9 549207 11 549974 11 550742 11 551509 11 552277 10 553045 9 553813 7 554581 6 555349 4 556117 2
001839c6f.jpg,9350 1 10116 6 10883 7 11651 8 12418 9 13186 9 13954 10 14722 10 15490 10 16258 11 17027 10 17795 10 18563 10 19331 10 20099 10 20867 10 21636 9 22405 7 23173 6 23943 3
001839c6f.jpg,557708 4 558474 6 559242 6 560010 5 560778 4
001839c6f.jpg,536976 7 537742 11 538510 12 539277 14 540045 15 540813 15 541580 16 542348 17 543116 17 543883 18 544651 18 545419 18 546188 17 546959 14 547726 15 548493 16 549261 16 550030 15 550799 14 551567 13 552338 8
001839c6f.jpg,147611 7 148378 9 149145 11 149912 14 150679 15 151447 16 152215 17 152982 19 153750 19 154518 19 155286 19 156054 19 156822 20 157590 20 158357 21 159125 21 159893 22 160661 22 161428 23 162196 23 162964 24 163731 25 164499 25 165266 26 166033 27 166800 28 167568 28 168335 29 169102 30 169870 30 170638 30 171406 30 172174 29 172942 29 173710 29 174478 28 175247 26 176015 26 176784 24 177553 22 178322 20 179092 17
001839c6f.jpg,209825 1 210591 4 211358 7 212125 11 212892 12 213660 13 214427 14 215195 14 215963 14 216731 14 217498 15 218266 15 219034 15 219802 15 220571 13 221339 12 222108 10 222877 8
001839c6f.jpg,479422 5 480188 9 480955 11 481723 11 482491 12 483258 13 484025 14 484792 15 485560 15 486328 15 487096 15 487864 14 488631 15 489399 15 490166 15 490934 15 491702 14 492470 14 493239 13 494007 13 494776 11 495545 9 496314 7 497084 4
001839c6f.jpg,327374 8 328141 10 328908 12 329675 14 330442 15 331210 15 331978 15 332745 17 333513 17 334281 18 335049 18 335816 19 336584 19 337352 19 338120 18 338888 18 339656 17 340424 17 341192 17 341960 17 342728 16 343496 14 344265 11 345034 8
001839c6f.jpg,76270 2 77036 6 77804 7 78571 8 79338 9 80107 8 80875 7 81644 5
001839c6f.jpg,179982 7 180749 10 181516 11 182282 14 183048 16 183815 17 184580 21 185346 24 186113 25 186879 27 187646 28 188414 28 189181 29 189949 29 190717 29 191485 29 192253 29 193021 28 193789 27 194557 26 195326 24 196094 22 196863 20 197631 19 198399 18 199167 17 199935 16 200703 16 201471 16 202239 16 203006 17 203774 17 204542 17 205310 17 206078 17 206846 16 207614 16 208382 15 209150 15 209918 14 210686 14 211455 12 212224 10 212993 8 213764 2
001839c6f.jpg,109324 6 110090 10 110855 16 111621 19 112388 20 113154 22 113921 23 114689 22 115457 22 116224 23 116993 20 117762 18 118531 15 119301 12
001839c6f.jpg,507167 7 507934 9 508700 12 509467 14 510234 16 511001 17 511768 18 512536 19 513304 19 514071 20 514839 20 515606 21 516374 21 517141 21 517909 21 518677 21 519445 21 520213 21 520981 20 521749 19 522517 19 523285 18 524053 17 524821 17 525589 17 526358 16 527127 15 527896 13 528665 11 529434 9 530203 3
001839c6f.jpg,16430 7 17197 9 17964 10 18731 12 19498 14 20266 14 21034 14 21802 15 22570 14 23338 14 24106 14 24874 14 25641 14 26409 14 27177 13 27944 14 28712 14 29480 13 30248 12 31016 11 31784 10 32552 8 33320 7 34087 6 34853 7 35618 10 36385 11 37151 13 37918 14 38685 15 39452 16 40219 17 40987 17 41755 17 42524 16 43292 16 44060 16 44828 16 45597 15 46365 15 47134 14 47902 14 48670 13 49438 13 50207 11 50977 8 51746 6 52517 1
001839c6f.jpg,77864 1 78629 7 79396 9 80163 11 80930 13 81697 14 82465 15 83233 15 84001 15 84768 16 85536 16 86303 17 87070 18 87838 18 88605 19 89373 19 90140 20 90908 20 91675 21 92443 21 93211 21 93979 21 94748 20 95516 19 96285 18 97053 17 97822 15 98590 15 99359 14 100128 12 100897 9 101666 6 102436 2
001839c6f.jpg,448854 5 449618 14 450385 16 451152 18 451919 20 452686 22 453454 23 454220 25 454987 27 455754 28 456519 31 457284 34 458051 35 458818 36 459585 37 460353 37 461121 36 461889 36 462656 36 463424 36 464192 35 464961 34 465729 34 466497 33 467266 31 468035 27 468804 25 469573 23 470344 13 471114 8
001839c6f.jpg,350546 1 351312 4 352080 6 352848 6 353616 7 354384 7 355151 9 355919 10 356687 10 357454 12 358222 12 358990 12 359758 12 360526 12 361293 13 362061 13 362829 13 363597 13 364366 11 365134 11 365902 9 366671 7 367442 1
001839c6f.jpg,415901 1 416666 5 417431 10 418198 12 418965 13 419729 17 420495 20 421261 23 422026 26 422793 28 423560 29 424328 29 425095 30 425863 30 426631 30 427399 30 428168 28 428940 23 429709 21 430477 21 431245 20 432014 18 432783 16 433552 13 434321 11 435090 9
001839c6f.jpg,293806 4 294574 5 295342 7 296110 8 296878 10 297646 14 297671 5 298415 14 298438 8 299183 15 299203 12 299951 32 300719 32 301487 32 302255 32 303024 31 303792 31 304561 30 305329 30 306098 29 306866 29 307635 28 308404 27 309173 26 309942 25 310710 25 311479 24 312247 24 313016 23 313784 22 314553 21 315322 20 316090 19 316859 18 317628 16 318397 14 319166 10
001839c6f.jpg,382935 3 383702 4 384469 6 385237 6 386004 7 386771 8 387539 8 388306 9 389074 9 389841 10 390608 11 391376 11 392144 11 392911 12 393680 10 394448 10 395216 9 395984 8 396754 6 397522 5
001839c6f.jpg,136484 1 137249 5 138016 8 138782 11 139549 12 140317 13 141085 14 141853 15 142620 16 143388 16 144155 17 144923 17 145690 18 146458 18 147226 18 147994 17 148762 17 149530 16 150298 16 151066 15 151834 15 152602 15 153369 16 154137 16 154904 17 155672 17 156439 18 157206 19 157973 20 158739 22 159501 28 160268 29 161035 29 161803 29 162571 29 163339 29 164107 29 164875 29 165643 29 166411 29 167180 28 167949 27 168718 26 169487 25 170255 24 171024 22 171792 22 172561 21 173329 20 174097 19 174865 19 175634 17 176402 17 177170 17 177938 16 178706 16 179473 17 180241 18 181009 18 181776 19 182542 21 183308 23 184074 25 184840 27 185606 29 186373 29 187141 29 187908 30 188675 29 189443 28 190211 26 190979 25 191747 23 192515 22 193284 21 194053 18 194822 16 195592 10
001839c6f.jpg,583460 1 584225 5 584993 5 585760 6 586528 6 587297 4
001839c6f.jpg,454453 4 455219 8 455986 9 456753 11 457520 13 458287 15 459055 15 459823 15 460591 15 461359 15 462126 16 462894 15 463661 15 464428 15 465196 14 465965 12 466733 10 467503 7
001839c6f.jpg,46651 5 47417 8 48184 10 48951 11 49718 13 50485 14 51253 14 52021 14 52788 15 53555 16 54322 17 55090 17 55858 17 56625 18 57393 18 58160 19 58928 18 59696 18 60463 19 61231 19 61999 19 62767 18 63535 18 64303 18 65071 18 65839 18 66607 18 67375 18 68143 18 68910 19 69677 20 70445 19 71213 19 71981 18 72749 17 73518 16 74287 15 75055 15 75824 13 76593 12 77362 10 78132 7
001839c6f.jpg,515917 2 516682 8 517448 11 518216 12 518983 14 519749 16 520516 18 521282 20 522044 26 522811 26 523579 26 524346 27 525115 25 525883 23 526652 10
001839c6f.jpg,369221 1 369988 4 370755 5 371522 7 372289 8 373057 7 373825 7 374593 7 375362 5 376131 3 376901 1
001839c6f.jpg,141956 1 142724 4 143492 4 144260 4 145028 4 145796 2
001839c6f.jpg,244898 1 245665 3 246431 6 247198 8 247966 9 248733 10 249500 12 250267 13 251035 14 251803 14 252571 14 253339 14 254107 14 254876 13 255645 12 256413 11 257182 9 257951 8 258720 7 259489 5 260258 2
001839c6f.jpg,8403 4 9170 6 9937 8 10704 10 11472 11 12239 12 13006 14 13773 15 14540 17 15307 18 16073 20 16839 22 17605 24 18372 25 19139 26 19906 27 20674 27 21442 27 22209 28 22977 28 23745 28 24513 28 25282 27 26051 25 26820 24 27591 20 28362 12 29135 1
001839c6f.jpg,276438 5 277204 9 277971 10 278738 12 279505 14 280273 14 281041 14 281809 14 282577 14 283344 15 284111 15 284879 15 285646 15 286413 16 287180 16 287948 15 288714 13 289481 10 290248 8 291015 7 291781 8 292550 5
002a943bf.jpg,
00313b166.jpg,290435 4 291203 5 291971 5 292739 5 293507 5 294275 4
00313b166.jpg,182163 3 182930 5 183698 6 184466 7 185233 9 186002 8 186770 8 187538 8 188307 7 189076 6 189844 6 190613 4
00313b166.jpg,202922 4 203688 8 204455 10 205221 13 205988 14 206756 14 207523 15 208291 15 209059 15 209827 14 210595 14 211363 13 212131 13 212898 14 213666 13 214434 13 215202 13 215970 13 216739 12 217507 12 218275 12 219043 12 219811 12 220579 12 221347 12 222115 12 222883 12 223652 12 224420 12 225189 10 225958 9 226726 9 227495 8 228264 5 229034 2
00313b166.jpg,390311 1 391076 5 391844 5 392611 7 393379 7 394147 8 394915 8 395683 8 396451 8 397219 8 397987 8 398755 8 399523 8 400291 8 401059 8 401827 8 402595 8 403363 7 404131 7 404899 7 405668 5 406436 5 407204 4 407974 2
00313b166.jpg,200702 7 201469 9 202237 10 203004 12 203772 13 204539 14 205307 14 206074 15 206842 15 207610 15 208378 15 209147 14 209915 14 210684 13 211452 13 212221 12 212989 12 213758 10 214527 8 215296 6 216065 3
00313b166.jpg,229910 4 230677 6 231444 8 232211 9 232979 10 233746 11 234514 11 235282 10 236050 10 236817 10 237584 11 238352 11 239120 10 239887 10 240655 10 241423 9 242190 10 242957 10 243725 10 244492 11 245260 11 246027 12 246794 13 247562 13 248329 13 249097 13 249865 12 250633 12 251401 12 252169 12 252936 12 253704 11 254472 10 255239 10 256007 9 256774 9 257542 9 258310 9 259077 10 259844 10 260612 10 261379 10 262147 10 262915 9 263682 10 264449 11 265216 12 265984 12 266752 12 267519 13 268287 13 269054 14 269822 14 270589 15 271357 14 272125 13 272893 13 273661 12 274429 12 275197 11 275965 10 276734 8 277502 7 278272 4
00313b166.jpg,10312 5 11080 5 11847 7 12614 8 13381 9 14149 10 14917 10 15684 11 16451 12 17218 13 17986 12 18753 13 19520 14 20288 14 21055 15 21823 14 22590 14 23357 15 24124 15 24891 16 25658 17 26425 18 27193 17 27960 17 28727 17 29495 17 30263 17 31031 16 31799 15 32567 14 33335 14 34104 12 34873 10 35641 9 36410 7
00313b166.jpg,212364 3 213131 6 213898 8 214666 9 215434 10 216202 11 216969 13 217737 13 218506 12 219274 12 220042 12 220810 11 221578 10 222346 9 223115 7
00313b166.jpg,247763 1 248528 6 249295 12 250063 13 250831 14 251599 15 252367 16 253135 17 253903 18 254671 18 255440 18 256209 17 256977 18 257746 17 258514 18 259282 18 260050 18 260819 17 261588 15 262356 14 263125 12 263893 12 264662 10 265432 5
00313b166.jpg,74997 6 75746 1 75764 8 76512 5 76531 10 77279 8 77298 12 78048 8 78063 15 78816 31 79585 30 80353 30 81121 30 81889 30 82658 29 83426 29 84194 29 84963 27 85732 25 86501 23 87270 22 88038 22 88807 20 89575 19 90343 18 91111 18 91880 16 92650 10 93419 7 94189 3
00313b166.jpg,154919 2 155685 6 156452 7 157220 8 157988 8 158756 8 159524 8 160292 8 161060 9 161829 8 162597 8 163366 8 164134 8 164902 8 165670 9 166438 9 167206 9 167974 10 168742 10 169510 11 170279 10 171047 10 171815 11 172584 10 173352 9 174121 8 174889 8 175657 7 176425 6 177194 4
00313b166.jpg,442193 1 442961 3 443729 4 444497 4 445265 4 446033 4
00313b166.jpg,478316 1 479083 4 479850 7 480617 9 481385 10 482152 11 482919 13 483686 14 484453 15 485220 16 485987 17 486754 18 487521 19 488288 20 489055 21 489822 22 490589 23 491351 1 491355 25 492116 32 492883 33 493651 33 494419 33 495187 33 495955 32 496723 32 497491 31 498259 30 499027 30 499795 30 500563 29 501331 28 502099 27 502867 22 503635 19 504404 17 505173 13 505942 11 506711 9 507480 6 508250 2
00313b166.jpg,92873 4 93640 6 94407 7 95174 10 95941 12 96709 12 97477 12 98245 12 99013 12 99781 12 100549 12 101317 12 102085 12 102853 12 103620 13 104388 14 105156 14 105924 14 106692 13 107460 13 108228 13 108995 14 109763 14 110530 15 111298 15 112066 15 112834 15 113602 15 114370 15 115138 15 115905 16 116673 16 117441 16 118209 16 118977 16 119746 15 120514 15 121282 15 122050 15 122818 15 123586 15 124354 14 125122 13 125891 11 126659 11 127429 8 128198 5 128968 2
00313b166.jpg,546806 1 547573 5 548339 7 549106 9 549874 10 550642 10 551409 11 552177 11 552946 10 553714 9 554483 8 555252 5
00327b02d.jpg,
0035268d9.jpg,440152 5 440919 8 441686 10 442453 12 443220 13 443987 15 444754 16 445522 17 446289 19 447056 20 447823 21 448590 22 449357 23 450124 24 450891 25 451657 27 452424 28 453190 30 453956 32 454723 34 455490 35 456257 36 457024 37 457791 38 458557 39 459325 39 460092 40 460858 41 461625 42 462392 42 463130 7 463159 42 463897 9 463927 40 464665 10 464694 40 465433 13 465460 40 466201 15 466226 41 466969 16 466993 41 467737 17 467759 42 468505 19 468525 43 469273 62 470042 60 470811 58 471579 57 472348 54 473116 52 473885 50 474654 47 475423 45 476191 44 476959 43 477727 42 478496 40 479264 39 480033 37 480801 36 481569 35 482338 33 483106 32 483874 31 484642 30 485410 29 486178 28 486947 26 487715 25 488484 22 489252 21 490021 19 490789 18 491557 18 492325 17 493093 16 493861 15 494629 14 495398 12 496167 10 496936 8
0035268d9.jpg,41600 2 42367 4 43135 4 43903 4 44672 2
0035268d9.jpg,183085 2 183852 4 184619 6 185387 7 186156 6 186924 6 187693 6 188462 5 189231 4 190000 3 190769 3 191537 3 192305 3 193073 4 193841 4 194608 5 195377 4 196145 4 196913 4 197681 5 198449 5 199217 6 199985 7 200753 7 201521 8 202289 8 203057 8 203825 8 204593 9 205360 10 206128 10 206896 10 207664 11 208432 11 209200 11 209968 12 210736 12 211504 12 212272 12 213040 12 213808 13 214576 13 215344 14 216112 14 216880 14 217648 14 218416 15 219184 15 219952 15 220720 15 221488 15 222256 15 223024 15 223792 15 224560 16 225328 17 226096 18 226863 20 227631 21 228399 22 229167 22 229935 23 230704 22 231472 23 232240 23 233008 23 233776 23 234544 23 235313 22 236081 22 236850 21 237619 19 238387 18 239155 17 239924 15 240692 14 241461 12 242230 10 242998 9 243767 7
0035268d9.jpg,523370 4 524137 6 524905 6 525673 6 526441 6 527209 6 527976 7 528744 7 529512 7 530280 7 531047 8 531815 8 532583 8 533351 8 534119 8 534888 7 535656 7 536425 5 537193 4 537962 1
0035268d9.jpg,432116 1 432880 4 433646 6 434414 6 435181 7 435948 8 436715 9 437483 9 438250 11 439018 11 439786 12 440554 12 441322 12 442090 13 442858 13 443626 14 444394 15 445162 15 445930 16 446698 18 447466 20 448234 21 449003 22 449771 24 450539 27 451307 30 452075 32 452844 32 453612 34 454380 39 455148 42 455915 43 456683 44 457451 45 458218 46 458986 46 459754 46 460522 47 461289 50 462056 53 462824 54 463591 56 464359 57 465127 57 465894 59 466662 60 467429 62 468197 64 468964 66 469732 67 470500 69 471268 70 472036 71 472804 73 473572 74 474341 45 474387 28 475109 45 475155 29 475878 44 475923 30 476646 76 477415 76 478183 77 478951 78 479720 77 480488 78 481256 79 482025 78 482793 79 483562 78 484330 78 485098 78 485866 78 486633 79 487401 79 488169 79 488936 80 489704 80 490471 80 491239 80 492007 80 492775 79 493543 79 494311 78 495079 78 495848 77 496616 76 497385 74 498154 72 498922 71 499690 70 500459 68 501228 67 501997 65 502766 63 503535 61 504304 60 505073 59 505842 57 506611 56 507381 53 508150 51 508918 51 509688 49 510457 48 511225 47 511993 46 512762 44 513531 43 514300 42 515068 42 515837 40 516606 38 517374 38 518143 36 518911 36 519680 35 520449 34 521218 32 521986 31 522755 29 523524 26 524293 24 525062 22 525831 15 526600 12 527369 10
0035268d9.jpg,582728 1 583496 4 584263 5 585032 4
003b58a76.jpg,
0044e3dda.jpg,
0046967a4.jpg,
004751507.jpg,
0047c79fc.jpg,
004946ceb.jpg,156767 3 157534 5 158301 7 159068 8 159836 9 160604 9 161372 10 162140 11 162908 12 163676 13 164444 15 165212 20 165981 21 166749 21 167517 21 168286 21 169054 21 169822 20 170591 18 171359 17 172127 17 172896 15 173665 13 174433 12 175202 9 175971 7
004dd347a.jpg,
00506a19e.jpg,
0057c059b.jpg,
005b8152d.jpg,
0063cb1e9.jpg,
00696ecc2.jpg,
006ba5b3b.jpg,
007211988.jpg,
007545acc.jpg,
0075cd3f1.jpg,
007600ece.jpg,
0079b4767.jpg,
007d5b489.jpg,
007efb5a8.jpg,
0082bf10a.jpg,
0088eb4ba.jpg,
00893e3f7.jpg,
0089d5f39.jpg,
008c483bb.jpg,
008c79db7.jpg,129845 5 130612 7 131379 9 132146 11 132914 11 133681 12 134449 13 135218 11 135986 11 136755 10 137524 9 138295 3
008f038d3.jpg,225012 6 225777 10 226539 17 227305 20 228072 22 228835 27 229601 29 230366 32 231122 44 231883 51 232646 56 233405 65 234172 66 234938 68 235703 71 236470 72 237236 74 238001 77 238768 78 239535 79 240302 80 241069 81 241836 81 242603 82 243370 83 244137 84 244903 85 245670 86 246436 87 247202 89 247969 89 248737 88 249503 88 250270 87 251038 86 251806 83 252573 82 253340 81 254107 81 254875 80 255643 78 256411 76 257179 74 257947 73 258715 72 259483 72 260252 71 261021 69 261790 68 262558 68 263327 67 264095 67 264865 65 265635 63 266404 62 267173 61 267945 57 268714 57 269483 55 270253 53 271023 51 271792 48 272565 37 273334 33 274104 28
00946da5e.jpg,
00973e661.jpg,
009bc4be5.jpg,162883 2 163646 13 164413 15 165180 17 165947 22 166714 24 167482 25 168250 27 169018 27 169786 28 170554 30 171322 31 172090 32 172858 33 173625 34 174394 34 175162 35 175930 36 176698 36 177466 37 178234 38 179002 39 179770 40 180538 40 181307 40 182076 40 182845 39 183613 40 184381 41 185149 42 185918 41 186687 41 187456 41 188225 41 188993 41 189762 41 190531 41 191299 42 192068 41 192837 41 193606 41 194374 42 195143 42 195912 42 196681 42 197449 43 198218 43 198987 43 199756 42 200524 44 201293 44 202062 43 202831 43 203599 44 204368 44 205137 44 205906 44 206674 44 207443 44 208212 44 208981 43 209750 43 210519 43 211287 44 212056 44 212824 45 213593 44 214363 43 215131 44 215900 44 216669 43 217438 43 218206 44 218975 44 219744 44 220513 44 221281 45 222050 45 222819 45 223588 45 224356 46 225125 46 225894 46 226663 46 227431 46 228200 46 228968 47 229737 46 230506 46 231274 47 232043 47 232812 46 233581 46 234349 47 235118 46 235886 47 236655 46 237424 46 238193 46 238961 47 239730 46 240499 46 241268 46 242037 46 242806 45 243575 45 244344 45 245112 46 245881 46 246650 46 247419 45 248188 45 248956 46 249725 46 250494 46 251263 46 252032 46 252801 45 253570 45 254338 46 255107 46 255877 45 256645 45 257414 45 258184 44 258952 45 259721 44 260490 44 261259 43 262028 43 262797 43 263566 42 264334 43 265103 43 265872 43 266640 44 267409 44 268177 45 268945 45 269714 44 270483 44 271251 45 272020 45 272788 45 273556 45 274325 45 275093 45 275862 45 276631 45 277399 45 278168 44 278937 43 279706 42 280475 41 281244 40 282013 39 282782 39 283552 37 284321 36 285091 34 285861 31 286630 30 287398 30 288168 28 288937 27 289706 25 290475 23 291244 21 292013 19 292784 13 293554 9 294323 7
009c7f8ec.jpg,382664 5 383431 8 384198 10 384965 12 385732 14 386499 15 387266 17 388033 18 388800 19 389567 20 390334 21 391101 22 391868 24 392635 25 393403 26 394170 27 394938 28 395705 29 396472 30 397240 30 398007 32 398774 34 399541 36 400309 36 401076 37 401843 38 402610 39 403377 40 404145 41 404911 43 405677 46 406444 47 407211 48 407978 49 408745 50 409512 50 410279 51 411046 51 411814 50 412581 47 413348 46 414115 46 414881 46 415648 46 416416 45 417183 44 417950 44 418718 43 419485 42 420253 42 421020 42 421787 42 422554 42 423322 42 424088 43 424855 44 425623 43 426391 43 427158 43 427925 44 428692 45 429460 45 430227 46 430993 48 431761 48 432528 49 433295 50 434062 51 434829 51 435596 51 436363 51 437131 51 437898 52 438665 53 439433 52 440200 52 440968 51 441735 51 442501 51 443269 50 444036 49 444802 50 445570 49 446337 49 447104 49 447871 49 448638 50 449405 50 450172 50 450939 50 451706 50 452473 51 453241 50 454008 50 454775 51 455542 51 456309 52 457077 52 457844 53 458611 54 459378 55 460145 55 460912 56 461679 56 462446 56 463213 57 463980 57 464747 56 465514 55 466281 55 467048 55 467815 54 468583 54 469350 55 470116 57 470883 58 471650 58 472417 59 473184 59 473951 59 474718 58 475486 57 476253 57 477020 55 477788 54 478555 53 479323 43 480091 42 480858 43 481626 42 482393 42 483160 43 483927 44 484694 44 485461 45 486229 45 486996 46 487763 46 488530 46 489298 45 490065 45 490832 45 491599 45 492367 44 493134 44 493901 44 494669 43 495436 43 496203 43 496970 44 497737 45 498504 45 499271 45 500038 45 500806 45 501573 46 502340 47 503107 48 503875 48 504643 48 505410 49 506177 49 506944 50 507712 49 508479 49 509246 47 510013 42 510781 40 511549 39 512316 39 513084 39 513851 40 514619 39 515386 41 516154 43 516922 44 517690 45 518458 45 519226 46 519994 44 520762 42 521530 40 522298 38 523066 36 523834 34 524603 32 525372 30 526141 29 526910 27 527682 23 528455 17 529225 16 529994 15 530763 15 531532 14 532300 14 533069 14 533838 12 534606 10 535375 9 536143 8 536913 4
00a2aca2f.jpg,
00a3a9d72.jpg,534771 4 534790 2 535537 9 535555 6 536306 10 536320 10 537074 26 537842 27 538610 27 539379 27 540147 28 540916 27 541686 25 542455 24 543224 23 543994 21 544764 19 545533 17 546303 14 547073 11 547842 9
00a3ab3cc.jpg,265075 7 265842 13 266610 16 267377 25 268145 26 268913 28 269681 31 270448 33 271215 34 271982 36 272749 37 273517 38 274284 39 275051 41 275820 39 276588 39 277357 38 278126 36 278896 33 279666 31 280440 24 281222 8
00a3ab3cc.jpg,111049 11 111816 13 112583 15 113350 17 114116 20 114884 20 115651 22 116419 22 117186 23 117953 25 118720 26 119488 26 120256 25 121023 26 121791 25 122558 26 123325 27 124093 27 124861 27 125629 27 126397 26 127164 26 127931 26 128698 27 129466 27 130234 27 131001 27 131768 27 132535 27 133303 27 134071 27 134839 27 135606 27 136373 27 137140 27 137908 27 138675 27 139443 27 140210 27 140977 27 141745 27 142513 26 143280 26 144047 26 144814 27 145582 27 146350 27 147117 27 147884 27 148651 27 149419 27 150187 27 150955 27 151722 28 152489 28 153256 28 154024 28 154792 27 155560 27 156327 27 157094 27 157861 27 158629 26 159397 25 160165 24 160933 24 161701 23 162469 22 163237 21 164005 20 164773 19 165542 17 166311 15 167080 13 167849 10
00a3ab3cc.jpg,184952 7 185719 9 186486 10 187253 11 188020 12 188788 12 189556 12 190324 12 191092 12 191859 13 192626 14 193394 14 194161 15 194929 15 195697 15 196465 15 197233 15 198001 15 198769 15 199537 15 200305 14 201073 13 201841 12 202609 11 203377 10 204145 9 204914 7
00a9fb8a3.jpg,
00aa2fc5b.jpg,
00aa79c47.jpg,461109 7 461876 9 462643 11 463411 12 464179 12 464947 12 465715 12 466483 12 467251 12 468019 12 468787 12 469556 10 470325 8 471094 6 471863 4
00aa79c47.jpg,583403 5 584170 7 584938 8 585705 10 586472 11 587240 11 588009 10 588778 9 589546 9
00aa79c47.jpg,431354 2 432121 5 432888 7 433655 10 434422 12 435189 13 435956 14 436723 15 437491 15 438259 15 439027 15 439795 15 440563 15 441331 15 442099 14 442867 13 443635 12 444404 10 445174 7 445943 5 446713 2
00aa79c47.jpg,177999 13 178760 22 179525 26 180290 30 181057 32 181825 33 182593 33 183361 33 184129 33 184897 33 185665 33 186433 33 187201 33 187969 33 188737 32 189505 30 190273 30 191041 29 191809 24 192577 22 193346 19 194117 1
00aa79c47.jpg,519007 8 519774 10 520541 11 521308 12 522076 12 522844 12 523612 12 524380 12 525148 12 525916 12 526684 12 527452 12 528220 12 528988 12 529756 11 530525 9 531293 8 532063 5
00ad3807a.jpg,
00b2729f6.jpg,
00b40cf94.jpg,
00b5d1608.jpg,
00ba8acbb.jpg,
00bc83e03.jpg,
00bfe3afa.jpg,
00c04bea5.jpg,
00c3d29c9.jpg,
00c3db267.jpg,370373 2 371136 12 371903 14 372670 16 373437 18 374205 19 374972 20 375739 21 376507 21 377275 21 378043 21 378811 22 379578 23 380345 24 381112 26 381880 26 382648 26 383416 26 384184 26 384952 26 385720 26 386488 26 387255 27 388023 27 388790 28 389558 28 390325 29 391093 29 391861 28 392629 28 393397 28 394165 27 394933 27 395701 27 396469 27 397237 27 398005 27 398773 27 399541 27 400309 27 401077 27 401845 27 402613 27 403381 27 404149 27 404917 27 405685 27 406453 27 407221 27 407989 27 408757 27 409525 27 410292 28 411060 28 411827 29 412595 29 413362 30 414130 30 414898 30 415666 30 416434 30 417202 30 417970 30 418738 30 419506 29 420274 29 421042 28 421810 28 422578 27 423346 27 424113 28 424881 28 425649 28 426416 29 427183 30 427951 30 428719 30 429487 30 430255 30 431023 30 431791 30 432559 30 433327 30 434095 30 434863 30 435631 30 436399 30 437167 30 437935 30 438703 30 439471 30 440239 30 441007 30 441775 30 442543 30 443310 31 444078 30 444846 30 445614 30 446382 29 447149 30 447917 30 448685 30 449453 29 450221 29 450989 29 451757 29 452525 29 453292 30 454060 30 454828 30 455597 29 456365 29 457133 29 457901 29 458669 29 459437 29 460204 30 460972 30 461740 30 462508 30 463276 30 464044 30 464812 29 465580 29 466348 28 467116 28 467884 27 468652 27 469420 27 470188 27 470956 27 471725 26 472494 25 473262 25 474031 24 474799 24 475567 24 476336 22 477105 20 477874 18 478643 16
00c9662ee.jpg,
00d703c55.jpg,
00d84b248.jpg,
00dc34840.jpg,120600 4 121366 8 122132 13 122899 15 123666 16 124434 17 125201 19 125969 20 126736 21 127504 21 128272 21 129040 22 129808 23 130576 23 131344 24 132112 24 132880 24 133648 25 134416 25 135184 26 135952 26 136721 26 137489 26 138258 25 139027 24 139795 24 140563 25 141332 25 142100 25 142869 25 143638 24 144406 24 145175 23 145944 23 146713 22 147481 23 148249 24 149018 23 149787 22 150556 21 151324 21 152092 21 152860 22 153628 22 154397 22 155165 23 155934 22 156703 21 157471 21 158239 21 159007 22 159775 22 160544 22 161312 23 162081 22 162849 22 163618 21 164386 21 165154 22 165922 23 166691 22 167460 22 168228 22 168997 21 169765 21 170533 21 171301 22 172070 22 172839 21 173607 22 174376 21 175144 21 175912 21 176680 22 177448 23 178217 23 178985 23 179754 22 180523 21 181291 21 182059 22 182827 23 183595 24 184363 24 185131 24 185900 23 186669 23 187438 22 188206 23 188974 23 189742 24 190510 24 191279 23 192047 23 192816 22 193584 22 194353 22 195121 22 195889 23 196657 24 197425 24 198194 23 198962 23 199731 22 200500 21 201268 21 202036 21 202804 21 203573 20 204341 20 205110 19 205879 18 206647 18 207415 18 208183 18 208952 17 209721 15 210490 13 211259 11 212029 7 212800 2
00dc34840.jpg,266834 2 267598 11 268365 13 269132 15 269899 18 270667 18 271435 19 272203 20 272971 21 273739 21 274507 22 275275 23 276043 23 276811 24 277579 24 278347 24 279115 24 279883 25 280651 26 281419 26 282187 27 282955 27 283724 26 284492 26 285261 25 286030 25 286798 25 287566 26 288334 26 289102 27 289871 26 290640 25 291409 24 292177 24 292945 25 293713 25 294482 25 295251 24 296019 25 296788 24 297556 24 298324 24 299092 24 299861 24 300629 25 301398 24 302166 25 302935 24 303703 24 304471 24 305239 24 306008 24 306776 24 307545 24 308313 24 309082 24 309850 24 310618 24 311386 24 312154 24 312923 24 313691 25 314460 25 315229 24 315997 24 316765 24 317533 24 318301 24 319069 24 319838 24 320607 24 321376 24 322144 24 322912 24 323680 24 324448 25 325217 24 325985 25 326754 25 327523 24 328291 24 329059 24 329827 24 330596 24 331364 25 332133 24 332902 24 333670 24 334438 24 335206 24 335975 24 336744 24 337512 24 338281 24 339049 24 339817 24 340585 24 341353 24 342122 23 342891 22 343659 23 344428 22 345196 23 345964 23 346732 24 347501 23 348270 22 349039 21 349807 21 350575 21 351343 21 352112 20 352881 19 353649 19 354418 18 355186 18 355954 18 356723 16 357493 12 358262 11 359031 9
00dc34840.jpg,61985 5 62750 10 63517 12 64285 13 65052 16 65820 17 66587 19 67355 20 68123 20 68891 20 69658 22 70426 22 71195 22 71963 23 72731 23 73499 23 74267 23 75036 22 75804 22 76572 22 77341 21 78109 22 78877 23 79645 23 80413 24 81181 24 81949 24 82717 24 83486 23 84254 23 85023 22 85792 22 86560 22 87328 23 88096 24 88864 24 89633 23 90402 22 91171 21 91939 22 92707 23 93475 24 94243 24 95011 24 95779 24 96548 23 97317 23 98085 23 98854 23 99622 23 100390 24 101158 24 101926 24 102694 24 103463 23 104232 23 105001 23 105769 23 106537 23 107305 24 108073 24 108842 23 109611 22 110379 22 111148 22 111916 22 112684 23 113452 23 114221 23 114989 23 115758 22 116527 21 117295 22 118063 23 118831 23 119600 23 120368 23 121137 22 121905 22 122674 22 123442 22 124210 23 124978 23 125747 23 126515 23 127284 22 128053 21 128821 22 129589 23 130357 24 131125 24 131894 23 132662 23 133431 22 134199 22 134968 22 135736 23 136504 23 137272 24 138040 24 138809 23 139578 22 140346 23 141115 23 141883 23 142651 24 143419 24 144188 23 144957 22 145725 22 146494 21 147262 21 148030 21 148798 22 149567 21 150336 20 151105 20 151873 19 152641 19 153409 19 154178 18 154947 16 155716 15 156484 14 157254 11 158023 9 158792 7
00de449b2.jpg,
00e5fb033.jpg,403355 1 404120 6 404887 8 405653 11 406420 12 407188 12 407955 13 408722 14 409490 14 410257 15 411025 15 411793 15 412561 14 413329 14 414097 13 414866 10 415635 7
00e5fb033.jpg,369569 4 370336 5 371104 6 371871 7 372640 6 373408 6 374177 5 374946 3
00e5fb033.jpg,318913 2 319679 4 320446 5 321212 8 321979 9 322746 10 323513 11 324280 12 325048 12 325815 13 326583 13 327351 13 328118 14 328886 13 329654 13 330422 13 331190 12 331958 12 332726 11 333494 11 334262 11 335030 10 335798 10 336566 10 337334 10 338102 10 338870 9 339638 9 340406 8 341174 8 341942 7 342710 7 343478 7 344246 6 345015 4 345785 1
00e7432b2.jpg,156785 4 157552 6 158320 6 159087 7 159855 7 160622 8 161389 9 162157 9 162925 9 163693 9 164461 9 165229 9 165997 9 166765 9 167533 9 168301 8 169069 8 169838 5
00e7432b2.jpg,166073 2 166840 5 167607 7 168374 8 169141 9 169909 9 170677 9 171445 9 172213 9 172981 9 173749 9 174517 9 175284 10 176052 10 176821 8 177589 6 178357 6 179126 4
00e90efc3.jpg,34907 11 35674 13 36441 15 37208 19 37975 21 38743 21 39511 22 40279 23 41047 24 41814 25 42582 25 43349 26 44117 27 44884 28 45652 29 46420 30 47188 30 47956 30 48724 30 49492 30 50260 30 51028 30 51796 31 52564 31 53332 32 54100 32 54868 33 55636 33 56404 33 57172 33 57940 33 58708 33 59476 33 60244 33 61012 33 61780 33 62548 33 63316 33 64084 33 64852 33 65620 33 66388 34 67156 34 67924 34 68692 35 69460 35 70228 35 70996 35 71764 35 72532 36 73300 36 74068 36 74836 36 75604 36 76372 36 77140 36 77908 36 78676 36 79444 36 80212 36 80981 35 81749 35 82517 35 83285 35 84053 35 84821 35 85590 34 86358 34 87126 34 87894 34 88662 34 89430 34 90199 33 90967 34 91735 34 92503 34 93271 34 94039 34 94807 35 95575 35 96343 35 97111 35 97879 35 98647 36 99415 36 100183 36 100951 36 101719 36 102487 36 103255 36 104023 36 104791 36 105559 36 106327 36 107095 36 107863 36 108631 36 109399 36 110167 37 110935 37 111703 37 112471 37 113239 38 114007 38 114775 38 115544 37 116312 37 117080 37 117848 38 118617 37 119385 37 120153 37 120922 36 121690 36 122458 36 123226 36 123994 36 124762 36 125530 36 126299 35 127067 35 127835 35 128603 35 129371 36 130140 35 130908 35 131676 35 132444 36 133212 36 133981 35 134749 35 135517 35 136285 36 137053 36 137821 36 138589 36 139357 36 140125 36 140893 36 141661 36 142429 36 143197 36 143965 36 144733 36 145501 36 146269 37 147037 37 147805 37 148573 37 149342 37 150110 37 150878 37 151646 38 152414 38 153183 37 153951 37 154719 37 155487 37 156255 37 157024 36 157792 36 158560 36 159328 36 160096 36 160864 36 161632 36 162400 37 163168 37 163936 37 164704 37 165472 37 166240 37 167008 37 167776 38 168544 38 169312 38 170080 38 170848 38 171617 38 172385 38 173153 38 173921 38 174689 38 175457 38 176225 38 176993 38 177761 38 178530 37 179298 37 180066 37 180834 37 181602 37 182370 37 183138 37 183906 37 184675 36 185443 36 186211 36 186979 36 187747 36 188515 36 189283 36 190051 36 190819 37 191587 37 192355 37 193123 37 193891 38 194659 38 195427 38 196195 39 196963 39 197731 39 198499 39 199267 39 200035 39 200803 39 201572 38 202340 38 203108 38 203877 37 204645 37 205413 37 206181 37 206950 37 207718 37 208486 38 209254 38 210022 38 210790 39 211558 39 212326 39 213094 39 213862 39 214630 39 215398 39 216166 39 216934 39 217702 39 218470 39 219238 39 220007 38 220775 38 221543 38 222312 37 223080 37 223848 37 224616 37 225384 37 226153 36 226921 36 227689 36 228457 36 229225 36 229993 36 230761 36 231529 36 232297 36 233065 37 233833 37 234601 37 235369 37 236137 37 236905 38 237673 38 238441 38 239209 38 239977 38 240745 38 241513 38 242281 37 243049 37 243818 36 244586 36 245355 35 246123 35 246892 34 247660 33 248428 33 249196 33 249964 33 250732 33 251500 33 252269 32 253037 32 253806 31 254575 30 255343 30 256111 30 256879 29 257648 27 258417 26 259186 24 259954 24 260722 23 261490 22 262259 20 263028 17 263797 15 264566 13
00e98bc93.jpg,
00ea015c8.jpg,
00f213eee.jpg,
00f2183ab.jpg,
00f9b2c9b.jpg,
00fa68a59.jpg,279070 7 279837 9 280604 12 281370 15 282137 17 282904 19 283672 20 284440 21 285208 22 285975 24 286742 26 287510 26 288277 27 289045 28 289813 29 290581 29 291349 30 292117 30 292885 30 293653 30 294421 31 295189 32 295957 32 296724 34 297491 35 298258 36 299026 36 299794 36 300562 36 301330 36 302098 36 302866 37 303634 37 304402 38 305170 39 305937 40 306705 40 307473 40 308241 40 309008 41 309776 41 310543 42 311311 42 312079 42 312847 42 313615 42 314383 42 315151 42 315919 42 316687 42 317455 42 318223 42 318991 42 319759 42 320527 42 321295 42 322063 42 322831 42 323599 42 324367 42 325135 42 325903 43 326671 43 327439 44 328207 44 328975 44 329743 45 330511 45 331279 45 332048 44 332816 44 333584 44 334352 44 335120 44 335888 44 336656 44 337424 45 338192 45 338960 45 339728 45 340496 45 341264 46 342032 46 342800 46 343568 46 344336 46 345104 47 345872 47 346640 47 347409 46 348177 46 348945 46 349713 46 350482 45 351250 45 352018 45 352786 45 353554 45 354322 45 355090 45 355858 45 356626 45 357394 45 358162 45 358930 45 359698 45 360466 45 361234 45 362002 45 362770 45 363538 45 364306 45 365074 45 365842 45 366610 45 367378 45 368146 45 368914 45 369682 45 370451 44 371219 44 371987 44 372756 43 373524 43 374292 43 375060 43 375829 42 376597 42 377365 42 378133 42 378901 42 379669 42 380437 42 381205 42 381973 42 382741 42 383509 42 384277 43 385045 43 385813 43 386581 43 387349 43 388117 44 388885 44 389653 44 390421 44 391189 44 391957 44 392725 44 393493 45 394261 45 395029 45 395797 45 396565 45 397333 45 398101 45 398869 45 399637 45 400405 45 401173 45 401941 45 402709 45 403477 45 404245 45 405013 45 405781 45 406549 45 407317 45 408086 44 408854 44 409622 44 410390 44 411158 44 411926 44 412694 44 413462 44 414231 43 414999 43 415767 43 416535 43 417303 43 418071 43 418840 42 419608 42 420376 42 421144 42 421912 42 422680 42 423448 42 424216 42 424984 42 425752 42 426520 42 427288 42 428056 42 428824 42 429592 42 430360 42 431128 42 431896 42 432664 42 433432 42 434200 42 434968 42 435736 43 436504 43 437272 43 438040 43 438808 43 439576 43 440344 43 441113 42 441881 42 442649 42 443417 42 444185 42 444953 41 445721 41 446490 40 447258 40 448026 40 448795 38 449563 37 450331 36 451099 36 451867 36 452635 36 453403 36 454171 35 454939 35 455707 34 456475 34 457243 33 458012 32 458780 32 459549 30 460317 29 461086 28 461854 27 462622 27 463391 25 464160 23 464928 22 465697 21 466465 21 467234 19 468005 13 468774 11 469544 7
00ffdbb8e.jpg,
0102eb3b5.jpg,498122 11 498889 13 499656 15 500423 17 501190 19 501957 21 502724 22 503491 24 504258 25 505025 26 505792 27 506559 28 507326 29 508093 30 508860 31 509627 32 510394 33 511161 34 511928 35 512695 36 513463 35 514231 34 514999 33 515767 33 516535 33 517303 33 518071 33 518839 33 519607 32 520374 32 521142 31 521909 32 522677 32 523444 33 524212 33 524980 32 525748 31 526516 30 527283 31 528050 32 528817 33 529585 33 530353 33 531121 33 531888 33 532655 33 533422 33 534190 33 534958 33 535726 33 536493 33 537260 33 538027 33 538795 33 539563 33 540331 33 541099 32 541867 31 542634 31 543402 31 544169 32 544936 33 545704 33 546472 33 547240 33 548007 33 548774 33 549541 33 550309 33 551077 33 551845 33 552613 33 553380 33 554147 33 554915 33 555682 33 556450 33 557218 33 557985 33 558752 34 559520 33 560287 33 561055 33 561823 33 562591 33 563359 33 564127 32 564895 31 565662 31 566429 32 567197 32 567964 33 568732 33 569499 33 570267 32 571034 33 571801 33 572569 33 573337 33 574105 32 574872 33 575639 33 576407 32 577174 33 577942 33 578710 32 579478 31 580246 31 581014 30 581781 31 582549 31 583317 31 584085 31 584853 31 585622 29 586390 28 587160 25
0103bcfaa.jpg,
010aae011.jpg,
011409565.jpg,83061 5 83828 7 84595 9 85363 9 86130 10 86897 11 87665 11 88432 13 89200 13 89968 12 90736 12 91504 12 92272 12 93039 13 93807 13 94575 13 95342 13 96109 13 96877 13 97644 13 98411 14 99178 14 99944 15 100712 14 101480 14 102248 13 103017 12 103786 9 104556 6
011409565.jpg,9412 5 10179 7 10946 8 11713 10 12481 10 13248 12 14015 14 14783 14 15550 15 16318 15 17086 15 17854 15 18622 15 19390 15 20158 16 20926 16 21694 16 22462 16 23229 18 23997 18 24765 19 25533 19 26300 20 27068 20 27836 20 28603 21 29371 21 30139 21 30907 20 31675 20 32443 19 33211 19 33979 18 34747 18 35515 18 36283 18 37051 18 37819 19 38588 18 39356 18 40124 19 40893 18 41661 18 42430 17 43198 17 43966 16 44734 16 45502 16 46270 15 47038 15 47806 15 48574 15 49342 15 50110 14 50878 14 51646 13 52414 12 53182 12 53950 12 54718 11 55486 10 56254 10 57023 8 57793 5 58562 2
011409565.jpg,558530 1 559296 4 560063 5 560830 6 561598 6 562366 6 563134 6 563902 6 564671 5 565439 5 566207 4
011409565.jpg,170873 3 171640 5 172407 7 173174 8 173941 9 174709 10 175477 10 176245 10 177013 10 177781 11 178549 11 179317 11 180085 11 180853 11 181621 10 182389 10 183157 10 183925 9 184693 9 185461 9 186229 9 186996 10 187764 10 188533 8 189303 3
011409565.jpg,183209 1 183975 3 184742 5 185509 6 186277 6 187045 7 187812 8 188581 6 189349 6 190117 6 190885 6 191654 4
011409565.jpg,135064 3 135830 7 136597 9 137364 11 138131 13 138899 14 139666 15 140434 15 141202 16 141970 17 142739 16 143507 17 144276 16 145044 16 145813 15 146581 15 147349 15 148117 15 148885 15 149653 15 150422 14 151191 13 151959 13 152727 13 153496 12 154264 12 155032 12 155800 12 156568 12 157336 12 158104 12 158872 12 159639 13 160407 13 161175 13 161943 13 162710 14 163478 13 164246 11 165014 10 165782 9 166550 7 167317 7 168085 6 168853 6 169621 6 170388 7 171155 8 171923 8 172690 9 173458 9 174226 9 174994 8 175763 5 176531 4
011cb4ce6.jpg,
011ee8cd9.jpg,
012473874.jpg,
012f67453.jpg,
0133a2f8b.jpg,
013413f81.jpg,
015328193.jpg,
0154258e9.jpg,
015c36cf6.jpg,
015c5d101.jpg,
016053b1c.jpg,
01605ccc9.jpg,
0168fe8e9.jpg,
016e4e530.jpg,
017b0f783.jpg,
017d29096.jpg,
01801b747.jpg,
018d23aea.jpg,523097 7 523864 9 524631 10 525398 11 526165 12 526933 13 527701 14 528469 15 529237 15 530005 15 530773 15 531542 13 532311 11 533080 9 533849 7
018d23aea.jpg,410234 1 411001 4 411768 6 412535 8 413302 9 414069 10 414836 12 415603 14 416371 14 417139 15 417907 15 418675 14 419443 13 420211 12 420979 12 421747 12 422515 12 423284 10
018d23aea.jpg,198379 7 199146 9 199913 11 200680 12 201448 13 202216 13 202984 14 203752 14 204520 14 205288 13 206056 12 206824 12 207593 10 208363 6 209132 4
018d23aea.jpg,25616 1 26383 3 27149 6 27914 10 28681 12 29449 12 30217 12 30985 13 31753 12 32521 12 33288 13 34056 13 34825 11 35593 10 36362 8 37133 1
018d23aea.jpg,577951 3 578717 7 579484 8 580251 9 581018 11 581785 12 582553 12 583321 12 584088 13 584856 12 585625 10 586393 10 587161 9 587931 5
018d23aea.jpg,542959 2 543724 6 544490 9 545257 11 546025 12 546793 12 547561 12 548329 12 549097 12 549865 12 550633 12 551401 11 552169 11 552937 10 553705 9 554473 9 555242 7
018ff73f3.jpg,
0194130f1.jpg,
